mileage,engine_temp,oil_pressure,vibration,brake_wear,rpm_variance,failure
121958,75.48684568,36.72079448,0.18610458,81.36490425,43.53753621,0
146867,101.4818925,35.99638009,0.394017335,13.94684021,117.360958,0
131932,82.75180785,40.55305399,0.095190805,41.90428871,164.6996046,0
103694,88.60143632,42.58085552,0.462192627,21.82056875,122.3417513,0
119879,95.18765137,36.52266535,0.180341757,2.597110026,126.5809598,0
110268,88.17142856,46.28164501,0.39345364,86.74054231,45.2068747,0
54886,86.90508279,35.54963945,0.021861248,3.320603116,7.965747033,0
137337,93.62634464,38.35508407,0.289329163,21.19573644,34.50892289,0
168266,85.75087905,31.33158449,0.168493591,24.23164945,149.3650874,0
87498,92.13385932,23.03342908,0.224461047,36.82399566,256.6314272,1
112727,89.64947201,44.53642551,0.019310256,7.85479587,138.7348843,1
126324,80.09065606,51.44113495,0.285292642,5.411600726,110.2160895,1
175203,99.82070511,39.33576513,0.088514345,14.46595001,356.509255,0
191335,86.89681755,36.4969189,0.212876905,85.52671185,73.38357815,0
16023,93.54426141,27.12712006,0.430331325,21.10719679,34.45587678,0
41090,83.28181894,51.16342571,0.059939088,70.0193474,77.0832475,0
67221,74.49435,37.62751241,0.307472535,48.69223776,68.4399293,0
64820,98.45804212,37.9225595,0.410333716,29.71839291,3.15169749,0
769,89.8861536,51.75495206,0.446333524,10.85917828,198.1436715,0
59735,91.28164314,59.30062334,0.629296731,14.91967843,203.1637375,0
194027,90.28923909,52.89155406,0.07545334,79.24057234,84.51862726,0
64925,106.82803,55.27646708,0.074508621,76.04356137,156.8578995,0
199041,96.07911229,28.13499408,0.145388535,88.43786924,144.0162519,0
5311,95.04053805,37.37849089,0.529280792,94.40351126,117.1641984,1
103355,85.2555993,49.8553696,0.125809938,26.32791974,223.3792037,0
184779,88.50798964,33.29522769,0.044123708,55.64918681,254.0141197,0
85305,89.96926995,44.33403649,0.316900421,26.34150564,43.06742924,0
159765,94.79702914,37.66229994,0.173801036,30.05613992,183.8472271,0
130608,87.65318894,47.10855065,0.018903261,99.02049891,94.54487385,0
156730,87.15266893,71.29073063,0.412193314,34.10736074,47.47505817,0
84478,96.35656846,42.96364595,0.099883732,22.34041598,206.5360528,1
122537,102.6564131,40.7776383,0.225852832,34.06071366,207.8098347,1
149503,72.56546558,40.78568112,0.364869576,33.38350287,74.66868279,1
130523,96.81149208,42.42760695,0.225118369,4.39150269,167.7645164,0
2747,87.79944773,38.61972636,0.17015234,20.5655759,62.6579054,1
123855,94.76260786,43.78224099,0.461206506,52.82479509,18.47716799,0
190222,88.75038055,62.51016488,0.458325173,81.34150788,129.5766439,1
65725,86.92222533,24.3095753,0.308970907,60.22717795,0,1
129981,90.67138555,27.76844346,0.197064121,10.7162398,0,0
84654,78.55529003,36.04263079,0.225661079,91.64460059,155.4536689,0
166845,81.68616708,44.30035403,0.050044013,54.67307705,184.2806035,0
119346,86.20592982,46.76891136,0.298345084,13.39479112,77.16375331,1
67435,90.22616737,40.1097534,0.317328718,94.12205695,224.2434768,0
56886,99.7684951,45.69516981,0.354188414,59.78405219,196.9703014,0
66803,96.22885695,59.3309356,0.25988712,66.36197752,142.9573853,0
31551,88.21646387,69.81798504,0.300513482,33.78036801,11.04174155,0
116216,80.86878551,45.28917438,0.177411641,23.34413293,197.0717257,0
11394,90.20242716,33.83607011,0.305410794,76.22207451,89.79863599,0
69092,93.60786807,52.64196729,0.187531383,41.99714258,206.4235598,0
3890,86.09247363,33.3414874,0.076373596,67.29224946,190.1483867,0
41606,87.77698627,35.3293622,0.249854893,26.14688814,78.51452063,0
87313,99.34276538,46.02982024,0.085029232,37.19821513,150.0506481,0
141699,91.25532201,38.81709254,0.024268954,55.66673597,95.70770807,0
8792,90.06353957,35.78317071,0.32120946,74.02379238,59.46913749,0
174073,89.59234701,42.06120654,0.279683673,30.95055371,90.3521605,0
154969,100.4050992,46.01845518,0,89.57541807,6.523345722,0
68148,74.88676306,43.93888518,0.079739387,71.27986814,32.5686648,0
124243,93.32193566,23.24177417,0,87.35705919,219.1068503,0
120174,74.97723231,39.64045087,0.329979099,24.28401748,67.34826235,0
154555,86.1240691,46.72430041,0.362086927,42.62601598,79.25687033,0
124358,76.34914862,40.39768701,0.379150545,79.80388131,39.14757286,0
48555,93.06940023,34.44108944,0.341316684,50.35976486,74.90928356,0
17159,73.17432477,31.23217472,0.203580141,55.55409817,201.6035923,1
110510,77.67471791,24.60227312,0.304752053,62.06715146,0,0
106530,89.51096021,42.41951755,0.152217374,71.67043414,16.25619815,0
80077,90.11683509,47.3291,0.147721887,73.74675395,121.4149169,0
35920,102.5342309,46.64366477,0.087889464,71.74759909,88.03392281,0
198193,103.2930957,37.57900533,0.098176866,33.35683241,194.1216868,1
19457,78.61905779,34.04575916,0.344739409,51.28145549,70.04095893,0
197629,85.15662627,52.80461009,0.28013128,62.3962137,124.8114547,0
78953,86.3977469,25.10229057,0.073783485,87.48640825,96.95286577,0
52995,97.87331584,37.87929634,0.282687909,36.98425763,169.7969083,1
171829,86.99330164,40.80507474,0.15508561,64.98704754,76.69968967,0
9692,74.63138247,38.92423699,0.52098387,73.64405516,143.7260781,0
176830,96.33294658,34.70339288,0.140986321,38.12338162,65.31657462,0
196769,85.74929205,28.95444197,0.354462285,83.75793134,148.9167058,0
37065,102.4428353,43.23269567,0.189227109,31.54815568,58.10078587,0
99299,93.17690555,43.94040524,0.15356018,20.82762226,3.294273244,0
163678,96.42731518,41.96214298,0.334844065,63.98921567,335.0204409,0
11534,95.47227325,37.05810937,0.629929377,73.95861931,98.47011252,1
40397,81.8991837,31.31591482,0.157674394,78.93110665,169.07511,0
91387,73.24769156,34.01314752,0.189152132,57.85079282,172.7136887,0
1016,103.0615109,26.56027153,0.172201625,70.27715129,169.9718539,0
55591,95.36114218,61.03573162,0.399787343,40.97237388,0,1
23247,81.48619671,27.57836589,0.444028999,27.28238368,116.2671659,0
24300,69.16652664,61.50327503,0.321952804,49.63472144,64.26846507,0
82798,101.3707975,47.01870083,0.037322756,20.14831741,269.3414258,0
9268,91.66222931,44.4053638,0.199021158,34.62564641,363.190858,0
86807,99.6565326,30.09016544,0.178029873,56.58723973,32.72018845,0
12185,93.50529786,37.50374465,0.395640927,73.39940802,213.7072985,0
194776,84.816164,50.67079662,0.287913404,74.24865074,59.76064358,0
170171,85.00731778,37.9928624,0.024033042,43.52070019,149.919605,0
139643,89.29654465,39.91668688,0.249361524,57.633609,77.8460719,0
38044,89.40783589,35.48678941,0.270800384,24.96212141,109.709284,0
51214,81.50790017,42.87538987,0.218461779,68.33643992,184.5507024,0
192300,88.94644452,40.68401656,0.121982244,34.71669765,123.5333944,0
114752,96.4658168,41.56042705,0.312318247,59.30558682,197.1340212,0
48984,90.05126787,36.11189398,0.248557131,71.61138268,165.6769501,1
40774,94.95437384,51.55823201,0.457889776,94.40250349,159.1353272,1
2568,92.53684121,34.58151982,0.469226754,10.71317964,122.1445872,0
120151,99.40039604,43.85786196,0.34970034,77.2535026,116.1072445,0
193664,93.80692962,39.6702405,0.128325755,68.58463512,159.1018914,0
198635,82.43004058,41.76022613,0.278519094,2.01445665,287.2143901,1
133767,78.34584639,32.35611217,0.481272786,9.322517667,238.6030851,0
124375,104.7277173,36.1586745,0.198067676,32.47907693,71.9222595,0
179262,82.33911138,21.10102603,0.204126927,62.37455467,231.9023954,0
136330,87.89480203,48.06605185,0.539306077,14.15298726,130.7644334,0
39504,89.52716788,37.09058587,0.325073482,95.05943558,27.181604,0
164231,85.04170372,43.61958419,0.473700988,76.83025909,239.5669305,0
13986,98.81628684,23.53407222,0.232479066,77.2209917,46.61302105,0
61858,90.25478334,39.49877655,0.335746393,81.61639673,125.2520257,0
129312,77.53321721,60.07997739,0.148103226,81.99072979,90.10107509,0
12666,92.39378446,42.68275942,0.125959487,30.06718507,77.26079438,0
38660,88.64865508,61.63023396,0.287590214,45.29833677,119.6122764,0
134633,94.21952899,48.53221963,0.001821651,54.47915544,99.1608178,0
26854,105.4176325,47.35659412,0.291909546,38.0807909,72.67763326,0
64505,84.01743352,45.0451188,0.212594789,40.53820693,0,0
104488,79.72830442,42.25318223,0.109065654,51.60611193,0,0
183323,113.3748421,56.96211402,0.419494857,2.321179179,147.3667285,0
22662,80.77772699,39.72062023,0.158151083,96.88849954,204.1845707,0
8392,105.1129088,47.11450858,0.197889691,96.49468948,154.3064126,0
30535,106.3467277,39.4137794,0.178200924,25.61266094,141.9311986,0
113569,87.24619495,36.64592763,0.245709975,31.70161705,205.3016202,0
52256,99.47504687,42.54837326,0.615653784,94.14686154,149.0435384,0
89135,81.54288667,28.47809556,0,4.481248766,182.5179892,0
127478,94.41901286,40.63839636,0.360369459,41.58210533,265.0317622,0
35222,97.70007523,38.55571887,0.240469396,89.83167377,0,0
77373,81.68338423,56.39390675,0.277921316,83.14696874,84.60289252,0
123684,100.2261047,33.88704407,0.132030123,19.65643978,58.9885136,0
194407,97.55048129,29.46257253,0.073574114,83.32024869,191.991714,0
10965,103.916258,43.5916844,0.329979881,71.24095296,90.83066062,0
24538,91.82024733,31.87112467,0.346784483,82.628807,116.1992536,0
108066,71.14955888,27.64067438,0.189641044,77.97154905,50.82108865,0
113252,91.90858132,51.21624513,0.049598281,33.33140061,51.62126142,1
139182,88.954566,43.81347586,0.306010283,41.11538627,260.4781825,1
158338,99.07904273,39.08790943,0.399476043,61.83040549,0,0
184064,79.97319748,31.02922776,0.078604712,39.36375946,125.4470458,0
98806,109.4942397,42.81924776,0,40.86840241,203.4277345,0
137982,91.74884854,45.42167538,0.031425519,42.22559338,112.6688352,1
110989,102.11966,22.84438633,0.380646383,4.536896308,112.187647,0
90982,76.54265283,35.54119549,0.19580249,35.77057484,0,1
121626,88.37622937,41.12692738,0,74.39454795,131.9947789,0
119176,105.1159854,28.71386216,0.231659179,91.89645558,183.0907067,0
131278,83.51649963,50.50807529,0.07151123,55.97638524,128.6690135,0
122409,79.46129912,50.61892807,0.435094951,80.41104948,0,0
23419,90.26404427,22.74488125,0.269926452,46.28486808,143.5264628,1
181708,98.12219844,27.31881053,0.347975872,10.06813551,196.92464,0
50015,87.14930483,42.45816131,0.154075999,48.81509278,31.46005791,0
122096,88.92170373,60.43019782,0.206826092,28.30684008,0,0
107059,90.80684104,41.95637116,0.34017055,59.52698827,167.398805,0
185340,87.60121025,34.12666389,0.233049472,15.37555219,101.9135272,0
110687,94.65505695,42.21790175,0.163601565,78.84136307,107.0421318,1
87939,79.40465629,30.6109525,0.311957283,12.538156,0,0
149213,80.2747358,54.02401016,0.338140393,74.17542475,70.73919573,0
105878,92.96076843,45.8371587,0.136049319,90.08808131,10.88386097,0
187116,85.49219419,38.1081047,0.348690698,73.60658217,176.0486922,0
198286,98.53771655,36.4417413,0.343164168,48.47884475,150.9186841,0
164899,86.7011323,47.47178782,0.163812296,92.00112517,51.94798567,0
186892,94.19166543,32.92661596,0.583001257,80.17757675,139.5383018,0
62623,94.61286768,36.36714611,0.10751221,17.82368892,4.611848183,0
75450,86.45202424,54.00928162,0.264323245,98.22812497,0,1
93426,89.6211508,27.91048144,0.127593253,40.3935291,126.3822158,0
117845,90.63547104,26.91421976,0.4361385,55.28967025,86.83492469,1
153371,82.01554244,50.04526663,0,11.16618714,181.9579866,1
43585,98.52377326,35.61498134,0.181964494,73.91194575,171.143399,0
109225,86.37442519,36.75688525,0.26009647,30.55640481,163.7317224,1
64044,82.79166878,14.62973938,0.309403395,51.60884007,109.7534068,0
173629,91.13452487,32.18405032,0.375564198,2.164419149,117.1101643,0
180152,100.5650201,28.44150363,0,3.401554553,36.12175921,0
109556,89.29551115,48.13700067,0.398975592,27.91761031,173.7753664,1
2693,88.74202982,38.03549292,0.149000049,18.33462882,182.1421744,0
95259,91.36773547,32.87188748,0.388165316,21.98839634,134.9875708,0
25939,88.12542358,47.61452555,0.111163574,30.19506012,119.6422364,0
179997,83.36985627,40.72288511,0.041524644,77.56046158,46.74504141,0
174013,91.05533029,53.00733908,0,46.72517477,159.9699894,0
152906,87.9743519,62.96772074,0.28463394,87.27923424,127.8706257,0
18047,78.96520444,26.1251413,0.196724718,91.26699449,129.2256383,1
26105,88.08147887,37.40975909,0.019698963,36.69339107,121.1264901,0
75766,87.64025722,16.8083891,0.308231578,13.59460742,238.9579428,0
146779,88.45277968,30.73783832,0.426677536,37.68925307,64.80391695,0
153048,80.3718768,44.87617815,0.009005982,33.48011356,42.71872828,0
44262,94.93001859,42.37840834,0.125693742,11.30847394,30.81755848,0
125117,99.1251888,50.56113831,0.416861132,87.54084452,0,1
23776,89.49161513,47.95737903,0.315830033,98.06537881,181.8246288,1
161152,87.63263065,21.33444417,0.378742079,44.10413192,149.5228017,0
128376,92.17340535,45.81792825,0.308317316,61.43790033,176.5166578,0
197914,92.06735861,27.21730699,0.140022626,28.76417565,152.7285976,1
192445,84.82354117,39.41364736,0.065311889,87.68125037,195.9635182,0
137848,95.15080386,56.70430518,0.166997524,18.2155898,98.17019939,0
92787,84.69835268,32.42353249,0,43.25042388,41.55543144,0
127948,80.67333358,27.08768571,0,88.14688622,56.96184119,0
55016,88.23143852,24.02935555,0.286548808,1.085086363,235.6974147,1
140546,91.56709634,43.2975465,0.314737062,98.31179537,206.4065259,0
189125,88.11314973,49.18028507,0.040231748,47.3368654,35.68844486,0
21959,95.65715038,20.50894167,0.022281921,56.84236219,284.6416596,0
136602,89.38896081,26.67451727,0.379396447,89.28230364,109.6847335,1
119101,100.1722026,44.08424391,0.197677693,74.44366534,198.9179072,0
3748,97.16286696,29.4582341,0.379735967,44.67270098,167.0029764,0
13545,77.29612025,42.86490306,0.07324794,49.97299178,153.705554,0
127659,86.33187548,28.97442412,0.00830637,95.5479497,122.1274909,0
197271,83.42895142,31.78825213,0.228217286,27.77371465,63.65514743,0
165838,94.34195378,51.18416073,0.464505082,5.587796417,94.31819825,0
73530,95.78163142,32.67709679,0.233881642,5.089633223,5.642966322,0
93557,95.38816416,34.12442773,0.060612567,29.11691312,91.41493164,0
61087,79.21024833,56.11525867,0.165729731,94.21548941,287.2460354,0
68840,87.92489989,40.81021132,0.287195918,10.78863614,91.83928222,0
118451,97.99686903,45.98931646,0.381668446,21.62578101,51.02784152,0
185456,92.93838309,22.86653195,0.129149268,5.465865718,118.9311335,0
51005,70.5532567,28.23097572,0.403583096,24.56942794,107.6378089,0
177648,104.7390387,43.23423709,0.203084432,13.23554534,124.4172113,0
39353,90.24727336,32.03647933,0.171746991,4.358845265,8.085335333,0
193075,93.1662665,40.85975484,0.115381632,56.45934891,188.0256127,0
52733,90.01874725,41.98116812,0.200636535,3.136162623,188.782977,0
65318,85.74039478,40.13676744,0.137521293,4.29031912,183.7652253,0
154736,75.78461129,23.59899817,0.54228101,65.02451031,121.7627933,0
67172,86.25779861,31.2629878,0.446739454,33.54211631,70.83067526,0
93264,93.79194834,45.96492109,0.160005076,64.42441889,41.77932115,0
26736,88.39242002,34.07145259,0.052539894,20.48061975,170.8517567,0
112859,92.9838453,54.17734844,0.281319602,15.1798745,100.263744,0
112181,85.85933234,37.92303995,0.511178767,14.83019554,136.4998887,0
131926,87.91700869,36.03932808,0.320171823,19.99665172,76.32398012,0
90084,93.48516327,44.93506532,0.235798986,66.98809401,255.1227377,0
169695,88.50143803,62.53035622,0.14253787,40.69681774,58.12015399,0
7392,86.63395206,49.5450176,0.072272112,46.19402816,69.41350903,0
55680,94.78112872,45.11836704,0.246256648,51.52332493,58.17606525,0
177789,89.28913197,33.06240939,0.221613182,37.66583847,100.9000965,0
50859,83.14342837,33.12144756,0.30734793,46.75735508,122.1531059,0
125657,88.82582983,35.52018854,0.343941373,93.05720206,120.9382588,0
157381,86.8138168,37.09521473,0.376613302,39.12824572,140.4357227,0
194806,82.36029861,27.04158648,0.425707931,52.14358938,115.9741352,0
70467,105.8112071,25.13782995,0.270872099,72.09361573,103.9555212,0
183734,84.55763242,13.99127482,0.259755793,13.25828551,197.7474254,1
98506,92.09799478,59.86797062,0.547256464,74.60658267,158.9146657,0
109751,87.98954057,36.63749942,0.263475911,29.306151,145.99545,0
118906,99.62861792,36.47144374,0.133031267,43.29530485,178.2966626,0
143760,100.250475,29.75929665,0.343565422,9.067277768,165.5393073,0
25342,93.95789319,32.79148715,0.378023069,66.25600555,141.659005,0
168229,96.26862859,36.68972777,0.233616737,40.04930992,198.4641729,0
198935,76.95483036,46.28611441,0.478453786,75.07084678,0,0
106308,99.77378621,38.05559632,0.158340412,12.14137873,107.2517901,0
183155,95.52633786,42.36657405,0.274661056,49.44402698,121.506071,0
106081,84.57374206,61.09012764,0.042083924,79.66871644,65.61767528,0
196805,85.15337793,33.48974135,0.374306351,65.39263513,154.5195134,0
89045,88.74138719,42.26418057,0.343760727,3.812793145,219.0450018,0
34698,106.9926487,54.20366487,0,97.44861577,220.1925945,0
110078,87.80159213,44.97039882,0.284859985,21.15440279,77.46845747,0
80623,84.36631796,30.46397329,0.420145295,34.78066256,154.7652686,0
22671,84.41351054,35.40991716,0.06417399,66.23249192,127.4622966,0
156256,74.68495241,42.67520792,0.184363716,58.37780575,101.205284,0
93384,95.91886305,38.51081174,0.254696978,62.93241416,200.9600027,0
173179,96.16622996,41.13643702,0.138534372,4.236604407,110.3368606,0
86202,66.63707957,33.84260606,0.238503534,55.41920369,53.60678812,1
51663,101.7845542,42.51440157,0.285485657,48.7816703,89.66948551,0
15708,88.52921815,44.39132847,0.240841564,65.33307225,264.0513368,0
91906,84.92432309,31.9813197,0.372473311,28.89301708,87.05161398,0
49811,77.39188035,30.97667474,0.057419866,89.2696202,196.394925,0
133883,79.59234008,33.31002183,0.505648024,45.59246899,74.39497916,0
56250,93.25420502,30.61791774,0.067588097,52.13001265,108.6154411,1
112547,97.37049085,46.09674333,0.259848378,30.29745571,75.04744379,0
124249,81.47351923,39.09199859,0.314651081,43.62408208,77.21580829,0
34754,75.0846875,32.97423974,0.373534873,5.555963216,0,0
142483,87.99618084,39.17774901,0.165241845,81.71549911,88.85056949,0
133983,81.71672441,54.08136992,0.437613656,61.94539222,0,0
198342,90.60830736,26.32146889,0.200369222,64.26774485,96.74678194,0
139752,97.45753909,35.87234692,0.235393626,28.21353022,76.78582531,0
84896,81.82480799,31.12502319,0.452632801,91.54031543,115.7531048,0
71295,93.51445864,20.69965734,0.416458437,81.56062374,0,0
100689,99.22518425,41.52410167,0.31691205,60.3597002,187.0731011,0
11111,91.2941677,37.62205914,0.1368795,0.386332426,76.09103281,0
37504,93.76195229,36.06502632,0.076915809,55.76452991,0.813902219,0
132874,83.99269231,51.81964455,0,70.57341982,171.5366026,0
8155,100.3902051,34.15712832,0.352655128,79.75655322,119.7375167,0
39384,93.85658705,41.85819573,0.029118342,65.1377968,0,0
112561,81.93562558,29.14369356,0.283355735,57.48435429,0,0
47254,104.284958,39.31918723,0.026503537,53.82818455,0,0
21918,72.02890963,47.49969773,0.441116966,40.39622001,160.2866963,0
85981,98.83772487,38.50209782,0.305831324,27.0007061,223.4483606,1
191785,80.32877475,44.9380017,0.315379102,32.47763952,82.96037943,0
30306,90.38478514,28.36557362,0.333272371,40.37584777,76.56013801,1
147718,99.66621878,27.43393621,0.243529645,67.15139862,170.1401618,0
46843,79.12187542,47.17676092,0.076069782,3.992748895,55.82652367,0
120975,92.95175635,44.51719493,0.4139908,34.84101554,255.0086792,0
96601,74.17972196,49.69180905,0.291534626,10.04929931,184.0872376,0
107512,87.70972768,44.32952027,0.13992876,58.79744985,120.7330361,0
147443,101.4871503,49.83097147,0.160603331,71.7466637,122.802148,0
111472,88.32182147,23.25842534,0.212356258,23.64560911,0,0
133121,97.40984309,32.21244653,0.159522166,86.64023119,0,0
162688,96.54093679,31.85373741,0.088357212,86.92348413,106.4141623,0
103727,79.67551383,33.96219244,0.019774197,28.35079177,111.667295,0
112893,78.12890745,42.21783998,0.453036362,95.81018769,232.7093591,0
20932,95.18940292,18.20100509,0.205170322,82.62092676,219.2692198,0
117796,93.38459077,39.04107101,0.217236291,3.816030675,84.46795943,0
29855,82.42265743,28.73185914,0.351027226,54.10055134,95.04531854,0
192506,87.44916414,52.94997352,0.388393803,65.90943255,105.3288958,0
174088,91.80669856,44.58249687,0.342429594,7.891838255,163.1116429,0
7400,84.56803576,40.66546104,0.062777546,49.63441098,194.6611572,0
117858,97.47078329,40.289208,0.476418881,15.12042579,41.23782151,0
173714,89.96243028,23.77688407,0.101980854,52.61985331,180.6979172,0
15151,88.39376769,48.2333245,0.021502512,28.76176598,155.4531709,0
182479,86.84044164,30.27973615,0.095484452,4.624245976,160.0847139,0
66690,93.76820792,36.0122035,0.056479357,42.61761423,148.0030725,0
4499,89.10267471,41.79248916,0.098848345,79.96398397,251.032125,0
6295,74.95824868,38.5404517,0.049334791,55.67021366,156.6945986,0
120885,104.4437259,16.66600852,0.363156764,60.07534413,136.7129568,0
126071,72.46554587,47.00202855,0.107663183,62.61698118,126.6755759,0
59040,101.169316,45.70534413,0.070518497,33.04221436,102.6086413,0
12183,83.00748581,46.11511676,0.155571199,40.25733062,0,0
160371,85.43668455,48.2165754,0.227497518,14.03176426,219.6974157,0
143946,104.9532827,50.63531259,0.107306305,41.23158815,203.5305572,0
116336,70.86927471,35.63832387,0.222622699,24.52363699,186.0513008,0
32711,89.12668482,30.86177241,0.026332165,56.17748316,189.1455317,0
5539,100.55077,51.14292298,0.228761324,77.6941323,34.77068391,0
184423,85.06039392,25.89006487,0.080292039,2.114125528,0,0
192339,92.87694745,35.89185207,0.290608461,22.29297793,110.5490583,0
179426,99.16280952,36.79722208,0.226732827,41.90066451,201.5576044,0
126063,89.00502153,31.0755482,0.292429956,48.27207765,0,0
133629,101.0270752,44.59350341,0.419818659,65.91289735,52.07927769,0
38360,89.70339226,32.70611214,0.20892535,61.87665828,152.5025819,0
133272,85.47768777,30.43602465,0.316550236,44.31706199,56.12257663,0
199569,93.66797729,48.28511982,0.200180632,31.0220942,30.03129879,0
178047,99.15995589,30.01973239,0.161680751,90.25682997,163.767059,0
21357,84.08179371,28.09522506,0.14177493,50.00759038,250.6317538,0
119121,87.88418796,26.74608665,0.261095616,78.30458888,97.81695381,0
77505,80.66037213,29.95288018,0.001845485,10.01446518,213.8557351,1
2869,86.90053016,41.2983531,0.116849888,39.00031001,112.4657621,0
192207,85.74718001,37.49697354,0.073300291,34.51109935,0,0
50108,92.04624618,32.93421425,0.13104186,73.38034305,200.8217512,0
112296,75.50573532,60.87105137,0.198330129,5.313310672,260.2772221,0
94179,88.30484272,49.36623266,0.099037366,23.54870998,12.07353413,0
90272,96.10126826,31.16957316,0.38094576,81.50500036,172.5826671,1
38467,93.66666832,38.57824905,0.310461321,50.58036869,62.06306093,0
23328,96.57456297,39.13807412,0,91.55276346,252.7319416,0
91412,95.61586733,38.63064564,0.319175508,82.7902609,37.88674966,0
135059,96.00668612,38.12866091,0.296390872,30.44017856,183.4684081,0
58871,81.74194892,31.3004248,0.09021039,19.98123013,65.56882761,0
153471,83.80427509,39.50938645,0.23549032,29.18961545,217.9372868,0
128391,96.68812186,45.92236929,0.168253268,54.44888919,89.09631485,0
177286,73.49295933,37.04867094,0.309509376,76.30697057,108.9054141,0
86416,75.5570426,38.58066974,0.177040927,37.68202177,212.5081029,0
70271,87.49237331,53.72806918,0.078369043,4.656696952,82.98074512,0
44064,89.47084876,45.17917421,0.413557208,36.88962619,111.4165825,0
107450,85.24386835,44.65353658,0.161634371,76.07972955,174.6915251,0
171890,75.05305029,54.23514707,0.292520572,23.52991822,239.9983767,0
176597,99.05051457,23.91714407,0.345069734,55.24652606,173.1013653,0
19830,84.6763936,34.8295459,0.093808951,6.037055495,147.0738924,0
148501,78.35351378,33.6828722,0.0642372,92.82193653,53.32081966,1
137965,68.33978809,40.63730366,0.119251117,77.34138884,134.3804302,0
116381,96.73728736,45.73758507,0.409079935,19.27459753,249.4714509,0
47333,89.24325857,48.75991263,0.336133159,56.2983234,132.5850245,0
134508,82.86902705,30.89285272,0.4404339,88.17347315,133.3842062,1
76213,96.6189997,51.45897644,0.193136981,74.27596047,37.79160747,0
136967,94.5574973,36.21874317,0.256794802,46.9988128,0,0
150810,91.12868343,15.8025863,0.238067624,24.93244164,166.0469818,0
30746,89.8618004,42.2136844,0.342883665,40.42865573,18.34595823,0
49377,86.53148072,29.81806213,0.106429844,39.59713097,189.5625757,1
179476,94.17831333,53.37516694,0.291063688,97.55154387,45.38125928,0
54045,75.38187757,22.57094181,0.337446526,86.8096741,284.9021379,0
97888,86.9103741,47.01360216,0.182019941,76.04129243,172.8060633,0
170862,78.02923794,26.45868509,0.480573276,10.39318937,50.4676592,0
107455,92.1799606,41.0967138,0.179087652,17.03511352,116.0652806,0
136672,96.87942161,50.01642753,0.194135335,55.15551843,150.6709336,0
93179,90.32760207,49.43073199,0.281983177,87.01518441,154.630108,0
171836,88.09470105,51.05383884,0,59.70816009,211.687539,0
45714,77.84708691,34.72449696,0.370918399,67.71425415,101.5612378,0
187907,92.64434702,29.43140861,0.242517271,33.73025473,61.66979797,0
102946,96.6807037,50.33276528,0.311791975,16.92244014,93.45466729,0
109616,88.9918206,43.07500194,0.177958894,46.05155905,3.322725144,0
105983,85.1658064,27.78967648,0.209499212,14.32712546,233.4531452,1
187563,82.53832145,31.70011495,0.146427737,14.71823489,48.16511904,0
124123,99.37908741,36.76903583,0.436742817,80.88740981,236.5425157,1
149661,104.8294114,43.70714244,0.473351986,21.61702674,232.8828001,0
43484,89.47828173,49.84606582,0.144027642,88.01193018,192.7351865,0
82989,89.40608834,63.12874542,0.260478318,67.25846327,146.5408186,0
36212,91.65576962,11.70759617,0.164975662,9.641638805,71.21738124,0
43525,96.85948735,52.06171337,0.213467309,56.45476701,160.6036342,0
178274,96.77559523,37.90955973,0.326110963,4.027511593,100.8337206,0
163707,100.729437,46.85337851,0.246313068,43.36632252,216.6535403,0
63208,91.46210231,43.39492101,0.461352623,68.47550613,267.3766637,0
33828,107.8346991,50.30049957,0.053120353,82.97352695,4.042039011,1
149783,95.15303391,33.98350922,0.319714703,33.25605982,152.7004079,0
3420,89.29722266,27.53374209,0.17997516,97.83960248,138.1954853,0
96752,99.98515901,30.84192707,0.366078412,17.64307581,40.84297222,0
131373,110.1248429,33.91360348,0.234399958,35.78268194,51.48399629,0
176308,85.12688678,39.62185873,0.254645845,83.89744626,22.58941325,0
115294,87.57110578,48.56907367,0.31682602,93.18211669,94.62583533,0
197307,91.98183755,47.70223195,0.023075031,55.73406584,90.02476061,0
185312,84.00688118,51.01947794,0.033243143,75.20490994,254.9291639,0
124019,97.91964816,44.64184565,0.492315196,68.38677419,111.8490323,0
65726,86.95615857,43.78140117,0.503342138,65.93448269,123.484006,0
141564,86.23304196,39.14093076,0.154885859,29.31682983,140.8694968,0
115668,94.37777578,46.57448173,0.122804563,85.89366781,188.7441598,1
6102,103.9881953,34.80867265,0.429768197,33.41136186,123.3154499,0
181408,81.00773747,56.29863217,0.267082623,94.32057292,0,0
118015,80.48417583,45.81652292,0.244127005,7.626045933,117.9864522,0
26641,90.71360396,53.08803925,0.28339017,21.0917568,19.94014182,0
165656,78.24234566,51.65047462,0.171304412,25.68655491,143.8715457,0
163817,84.98748307,48.29114861,0.597083923,89.37670763,210.3372243,1
154165,88.79867562,29.61220933,0.171246407,60.63047013,59.03029502,0
197177,97.8250103,29.18983373,0,9.399632417,88.75202169,0
103746,79.39920152,49.89695446,0.284431401,7.797391233,184.9077164,0
182957,88.09748457,34.25326671,0.369346187,78.89917149,93.1503363,0
36631,84.26386726,47.31915325,0.094276777,6.187635296,151.840949,0
72991,82.70424384,38.26647982,0.073798356,83.34125496,165.0702526,0
4014,91.3992043,57.34445819,0,57.96187781,106.917754,0
11093,93.74031382,27.31021917,0.191345906,38.43050816,73.17065133,0
18070,88.9905673,46.60605487,0.354816793,79.12990351,98.37715827,0
35777,93.17336463,26.57268782,0.04447829,66.12759542,65.2939072,0
56958,81.18651679,36.01330993,0.480027592,92.86612269,6.851924084,0
82074,93.92981003,49.69018022,0.218933518,63.39157204,176.866026,0
10729,94.83087853,26.10932544,0.116897414,43.30983618,228.545164,0
176089,95.10477849,55.37373942,0.171115167,22.77769078,136.8155995,0
197392,73.17359885,35.4197046,0.336568268,68.3860063,0,0
158823,95.66817592,29.80764861,0.27286368,9.643537306,143.3010451,0
105864,93.72589482,47.83770231,0.233496465,81.11523818,298.9026906,0
130858,99.65090936,36.36924153,0.337557195,10.33137538,176.1719746,0
105510,80.78929629,47.42081632,0.218451541,6.019423896,51.63715547,0
54748,92.61968687,38.1701846,0.439141464,79.10823249,193.1590116,1
5801,87.02140548,39.43404865,0.196020053,1.711491955,46.07643496,0
150262,76.13959541,28.89860352,0.37534301,99.33577029,65.19351438,0
180761,90.72811311,51.0678681,0.074878007,10.03055749,197.8775583,0
182065,75.18728898,45.62166821,0.031724789,10.9100522,163.3996347,0
29592,87.84762904,59.81026793,0.381916899,73.28235751,0,0
10647,88.73256397,44.91775635,0.410290167,20.3008496,8.384308555,0
139788,84.80014299,46.87313932,0.150151994,61.66145252,83.21320784,0
110627,91.88488069,47.07383854,0.47924787,12.84410135,3.769156062,0
70316,78.70248645,27.35695128,0.441249572,98.56142015,82.99422455,0
2368,82.96159118,36.97460146,0.437036077,92.20464971,178.9070634,1
77575,103.4205556,53.36773388,0.065934641,42.51634785,45.09892509,0
6655,85.43933074,24.63280923,0.573197594,82.31157731,139.4449639,1
70031,85.61588859,25.07255862,0.26157981,69.11682019,169.9192104,0
87922,83.2009198,41.38338014,0.443946404,98.44459343,39.39424631,0
186838,98.20911386,36.05938751,0.182975878,33.05640341,51.79506038,0
124046,93.10104526,15.44101471,0.089742773,8.266722741,72.99759061,0
144475,81.49435741,36.65847956,0.28866,27.74559371,0,0
32097,91.94123734,36.12709623,0.156573676,11.78193778,57.24287225,0
142038,98.39266632,42.03606575,0.218663813,45.77087755,54.54927375,0
124862,94.8721705,19.79534693,0.191640133,36.1093813,141.3090419,0
118834,96.877483,31.25737553,0.65325907,26.41542468,84.74453296,0
93848,103.2465446,42.55691757,0.214822362,36.95038533,216.5120886,0
52921,79.87238265,49.41002237,0.159143952,56.96781226,0,0
180798,93.95743316,41.95499033,0.345507699,22.91727903,0,0
126141,83.86512513,36.47048848,0.061399992,6.414881553,0,0
181372,83.50388172,26.05069552,0.356551517,50.24971796,129.8699713,0
22677,91.27656941,31.41227002,0.400687113,74.16954139,108.0212454,0
55609,81.49473844,57.95488342,0.251118629,0.68682127,187.3915197,0
187733,88.57726176,49.42061538,0.422968221,94.92362028,103.5805505,0
31024,100.407988,35.7510346,0.236130347,93.16934127,115.8345787,1
70313,96.39393987,45.79437652,0.329885467,59.02339589,250.6437789,0
127813,79.40941424,65.56671061,0.486931085,71.70895691,59.98406046,0
184078,77.50030189,54.05737248,0.24309812,31.36676486,196.1237273,0
95285,88.07583142,36.98146076,0.380339963,53.26486596,314.3771204,0
146410,85.02686852,39.6723346,0.429072221,77.76261046,224.2001007,0
199099,94.47102587,20.54964027,0.343267213,70.47104217,0,0
113632,81.57863583,44.66869259,0.183314926,76.15844914,0,1
150580,91.89751502,43.381611,0.273757416,86.36078707,85.84474539,0
3051,93.12220468,34.22876549,0.291291899,82.70812442,49.78009026,0
179819,89.22509963,44.6499606,0.160400576,13.19550242,83.06891279,0
114692,90.42327755,42.61771321,0.053069535,41.77809625,161.7449294,0
87235,105.5752616,49.74798098,0.300289531,98.68282306,52.28056966,1
185093,88.71846881,43.90872222,0.312370563,71.17668033,0,0
197484,96.70001755,35.85080364,0.406863423,50.20499139,127.202075,0
189407,80.99907878,34.27764146,0.281010214,65.73305287,133.6984261,1
187251,85.08646534,29.21973321,0.176669625,28.1223737,51.84943251,0
163165,83.29063094,41.48089298,0.069433004,84.75409326,50.9612073,1
170806,97.55327994,45.06240164,0.292512288,2.436360872,143.9323066,0
73523,93.67439856,25.41457456,0.340763526,5.903425776,110.658014,0
94476,96.43422855,53.85061844,0.157062809,58.62075073,280.9215601,0
17019,89.31754341,25.02129128,0.175572858,85.44140696,79.90136163,1
83613,77.26952005,48.45252908,0.250346031,60.25166392,119.4064614,0
86672,93.99020897,38.61177881,0.16001433,91.2010289,274.9902865,0
73847,92.57355021,40.35710998,0,65.05630053,201.3265408,0
82750,98.93505766,31.29735252,0.241128919,62.31267796,131.5966548,0
28251,94.47715335,60.90139259,0.25778968,14.64977333,95.16007344,0
103481,91.39557808,37.10509295,0.161362279,78.67523726,130.9729545,0
112566,93.40330684,49.87511636,0.255511553,79.40298974,143.7030349,0
25945,97.1872801,32.81318002,0.425416941,56.89764329,263.0449304,0
90852,96.78315692,58.81052983,0.247666278,63.64223724,95.66915786,1
32217,86.48275724,42.57781851,0.205704831,45.96196896,235.8608015,0
8308,78.69218286,55.23465165,0,88.39855488,219.5677928,0
5949,95.69059343,29.03518592,0.042123926,74.51921515,8.421547471,0
183062,90.07254764,27.3450108,0.372857643,42.41752277,191.3094223,0
132222,88.31928053,32.50609546,0.285534455,4.714562399,201.9053309,0
100235,98.55408904,48.17987299,0.326966679,96.50266134,71.15657511,0
74740,88.16568755,30.88103574,0.141480014,49.71034037,34.40970789,0
116352,93.38280512,32.32180225,0.318545284,31.89349958,160.7435935,0
66617,100.8630897,47.20424192,0.18952118,94.85980359,121.1548585,0
16896,93.73055107,37.97482685,0.360562765,62.51950733,126.5700058,0
130798,84.23977354,48.24520209,0.319642138,94.10850496,123.7996888,0
177247,87.40718101,33.82002818,0.1877061,80.81563792,36.76804301,0
138877,90.50841471,46.79303011,0.082207036,32.71046187,64.20733879,0
5237,95.15107322,35.19093487,0.160810214,10.06061482,88.7035603,0
20056,94.06543151,56.59059183,0.027323601,83.81637946,112.8709556,0
176615,85.05906402,44.87326446,0.336346328,47.79851619,154.6088088,0
187628,94.1902556,31.09388242,0.186174539,6.405897086,136.7559601,0
114548,117.1529787,41.94327219,0.349817786,72.42233884,132.3924497,0
111488,92.48876967,39.41538071,0.20409717,39.10661852,252.4404284,1
134415,85.63228359,42.9403929,0.121360665,95.09905812,175.5425737,0
144572,100.0602305,35.66383451,0.159956071,16.42262014,244.9722429,0
184294,84.36750061,47.41940528,0.270114816,99.52006569,205.33411,0
29375,101.1089547,35.33517216,0.352752213,1.106555452,112.8560684,0
140734,88.64713062,56.33451823,0.480289728,50.50717484,189.8715848,0
16964,94.8424335,58.77296622,0.274372888,8.852572045,17.24033274,0
113429,85.29230441,40.50909885,0.058792612,77.08584694,0,0
190710,93.63393156,50.23138353,0.189223218,72.08583895,125.5523073,0
67215,92.81022083,48.10727945,0.288109272,85.52008556,211.4188386,0
69042,98.22034567,22.23588196,0.368592221,87.35210911,60.5555074,0
144356,87.22959842,48.94525203,0.087191049,5.691450147,159.8111722,0
93468,100.3872604,40.28173278,0.335346589,36.04661292,0,0
192461,93.57455318,36.03051815,0.28141272,80.9189508,9.114101783,0
9435,73.16000324,45.12601615,0.299347016,59.61269234,173.5451184,0
185412,92.4515581,39.10556205,0.272121389,34.28610965,164.2575073,1
175150,70.62494283,37.54515258,0.114829893,1.872919635,54.60997589,0
78832,79.25888276,36.76965718,0.491526498,92.89120687,11.12346667,0
51293,87.54436446,39.22328388,0.104572694,17.77084376,121.0085507,0
78781,75.80132372,49.26022032,0.097222017,1.925853894,309.3790037,0
191475,83.68719823,38.722725,0.491834651,34.44061627,232.6222074,0
160196,89.0947806,23.47048355,0.158545568,43.216677,145.1220168,0
43919,89.17280165,42.97259681,0.264173169,38.6302217,0,1
166319,82.41388266,42.34573351,0.144547548,36.92973122,269.5876326,0
121172,90.97896854,26.78119079,0,3.383053841,0,0
94758,100.8235068,36.82501094,0.061966194,77.00370747,116.1376983,0
193824,89.19080394,36.38269086,0.30074522,91.00794393,200.2209848,1
56573,85.67491664,24.94079221,0.286609133,16.69231057,154.1261341,0
59101,93.02492908,25.50808904,0.333786847,27.56656374,87.53617614,0
26646,81.68845163,43.28489259,0.360024226,77.16775193,0,0
104185,98.56931472,52.93574516,0.325222509,64.11437231,298.1751099,0
23049,99.53603434,36.5608871,0.611942026,20.56782936,172.0503219,0
98116,105.4476563,36.45062161,0.328214496,13.32646443,47.3058586,0
97379,93.99540844,27.80184893,0.132533611,79.50896483,87.66780624,1
68385,81.5753284,50.47154381,0.15809541,95.93677494,192.3939691,0
126131,98.10072907,44.62166166,0.205440274,42.5231542,65.06725472,0
171230,77.31919622,41.95470402,0.09087506,75.17275729,20.61141514,0
196489,99.67075099,45.16897003,0.22018296,20.08906807,115.7401368,0
23289,91.16779775,48.21342779,0.289027775,13.31149039,219.4039968,0
110226,86.0364499,26.85626544,0.299158116,74.81258301,134.4671464,0
100793,86.74345377,41.1465482,0.106486426,86.26067066,298.3322256,0
9823,88.57949788,35.45136767,0.269133734,85.80055119,51.68065608,0
191232,99.0909599,45.58886549,0.092715601,73.75433616,39.50272868,0
41975,75.21966498,33.57907198,0.259441759,7.067492099,0,0
9540,93.28702135,46.25026257,0.083790692,90.42228642,117.1605412,0
16364,96.42180676,33.97475158,0.381534082,93.5595869,162.8022953,0
135683,81.31059787,44.71552482,0.296073388,73.72002386,261.2922944,0
27663,103.9614795,35.16859515,0,25.89801437,111.541201,0
51991,99.67368786,37.45488186,0.337878064,4.590518918,80.82533892,1
188751,84.45610891,41.54338353,0.804066676,64.001559,159.4039452,1
104182,91.82010846,26.41330367,0.411118814,94.73926287,103.8475142,0
162049,82.32098068,48.26576369,0,46.41863854,202.0517542,0
94704,86.92802341,42.2871312,0.495953996,23.04170237,104.6386575,0
49115,77.54701258,49.45611735,0.137565846,9.711700417,224.2116999,0
91007,90.43816497,24.5462508,0.419130409,96.66395883,100.4177433,0
191962,79.916904,48.2054306,0.314325055,99.42297971,107.677728,0
197459,82.09279261,43.10168092,0.015886986,41.98381082,199.0313566,0
149143,93.49766589,26.05245515,0.151320774,56.27334335,2.230751055,0
190347,92.52330381,30.89667043,0.767783358,5.066832554,55.86391837,0
11938,82.76824357,36.73170287,0.093544326,28.36348697,93.93607455,0
166267,78.18493195,39.38447158,0.276149558,14.79885901,26.18129043,0
91680,94.57869462,31.66897949,0.466681641,85.45069274,0,0
4000,95.57137121,61.20093859,0.171193961,95.99997184,20.35511294,0
101042,98.2096758,44.56579912,0.055506541,81.75504816,198.9377085,0
93610,98.24665354,32.46376915,0.189608776,60.33888784,85.44398127,1
103691,92.82939343,24.48607324,0.125536709,74.06846842,129.1806066,0
38304,88.68540054,31.74193295,0.143865239,21.94846905,120.8681302,1
69449,85.52691886,39.46553691,0.33367022,97.06451248,74.44951231,0
82986,94.80112008,43.69918215,0.452585548,13.75060678,179.2781119,0
151836,82.46124439,36.77687132,0.296435263,36.02266996,258.3286269,1
108940,93.54215137,39.8761179,0.211965163,84.23089039,88.10474716,0
38494,76.57291026,56.65627298,0.125096749,83.25136569,128.481137,0
3373,94.94264424,50.1494618,0.329521951,38.53972164,165.4251929,0
143233,91.82430298,33.58665141,0.199224822,34.47704361,92.00280245,0
97532,83.0201612,52.25514999,0.200189054,13.81085566,84.81765087,0
92658,89.3656836,26.55685549,0.290977464,35.43893532,125.6525032,0
123633,89.10299435,49.21105537,0.323780397,79.00455223,159.7225974,0
100386,103.5346046,52.83484774,0.376193915,62.62932502,235.3803761,1
27350,87.92395366,35.07107245,0.248341164,2.822027178,62.68987817,0
93008,92.33069325,33.20131617,0.386237444,7.148895886,299.9198264,0
94297,94.04785159,51.18575112,0.183714037,6.160638468,206.6175578,0
